{
  "Student": [
    {
      "id": 1,
      "name": "Priya",
      "email": "prkadam2@gmail.com",
      "password": "priya@123",
      "mobile": "9876543210",
      "gender": "Female",
      "edu": "BE"
    },
    {
      "name": "jkj",
      "email": "ppp@gmail.com",
      "mobile": "9876543210",
      "gender": "Female",
      "edu": "dgf",
      "id": 2
    },
    {
      "name": "dkjdkjds",
      "email": "dsds@gmail.com",
      "mobile": "9876543210",
      "gender": "Male",
      "edu": "dssd",
      "id": 3
    }
  ],
  "Admin": [
    {
      "id": 1,
      "name": "Priya",
      "email": "priya@gmail.com",
      "password": "priya123",
      "mobile": "9876543210",
      "gender": "Female",
      "edu": "BE"
    },
    {
      "name": "qwer",
      "email": "dddds",
      "password": "dsdsds",
      "mobile": "343433",
      "gender": "Female",
      "edu": "dds",
      "id": 2
    }
  ],
  "Exam": [
    {
      "id": 1,
      "exam_code": "wd001",
      "exam_name": "Web Developement"
    },
    {
      "exam_code": "html001",
      "exam_name": "HTML Exam",
      "id": 3
    },
    {
      "exam_code": "php001",
      "exam_name": "PHP Exam",
      "id": 5
    }
  ],
  "Questions": [
    {
      "id": 1,
      "exam_code": "wd001",
      "que": "abc",
      "opt1": "qwert",
      "opt2": "sdsdf",
      "opt3": "uuhh",
      "opt4": "nnvnv",
      "ans": "wwq"
    },
    {
      "exam_code": "html001",
      "que": "What does HTML stand for?",
      "opt1": "Hyper Text Markup Language",
      "opt2": "Hyperlinks and Text Markup Language",
      "opt3": "Home Tool Markup Language",
      "opt4": "Hyper Tool Markup Language",
      "ans": "Hyper Text Markup Language",
      "id": 2
    },
    {
      "exam_code": "wd001",
      "que": "mgkjfkj",
      "opt1": "kjkjdf",
      "opt2": "kjsdkjdjq",
      "opt3": "kjfdkjf",
      "opt4": "fkjd",
      "ans": "fdfjk",
      "id": 5
    },
    {
      "exam_code": "wd002",
      "que": "kkj",
      "opt1": "kj",
      "opt2": "kj",
      "opt3": "kj",
      "opt4": "fn",
      "ans": "kj",
      "id": 7
    },
    {
      "exam_code": "html001",
      "que": "Choose the correct HTML element for the largest heading:",
      "opt1": "<h1>",
      "opt2": "<head>",
      "opt3": "<h6>",
      "opt4": "<heading>",
      "ans": "<h1>",
      "id": 8
    },
    {
      "exam_code": "html001",
      "que": "Which of these elements are all <table> elements?",
      "opt1": "<table><tr><td>",
      "opt2": "<table><head><tfoot>",
      "opt3": "<thead><body><tr>",
      "opt4": "<table><tr><tt>",
      "ans": "<table><tr><td>",
      "id": 10
    }
  ],
  "Result": [
    {
      "id": 1,
      "student_name": "priya",
      "exam_name": "Web Designing",
      "total_que": 2,
      "correct_ans": 2,
      "wrong_ans": 0,
      "exam_date": "",
      "result": "Fail"
    },
    {
      "id": 2,
      "student_name": "sapana",
      "exam_name": "Html Designing",
      "total_que": 2,
      "correct_ans": 2,
      "wrong_ans": 0,
      "exam_date": "",
      "result": "Pass"
    }
  ]
}